content,description,name
"An article that covers a legal action in a business or commercial context other than employment disputes, environmental litigation, product liability suits, intellectual property disputes, or securities litigation.",White Collar : Law360 : Legal News & Analysis,Commercial Litigation
An article that reports on an agreement between two or more companies to collaborate on a specific project or work together towards a common goal.,Asset Managers “not Supporting” Climate Policy,Strategic Partnership/Alliance
"An article that cover the specific actions and programs undertaken by organizations to actively recruit and hire new employees, often aimed at addressing talent needs, expanding teams, or implementing strategic workforce planning.",White Collar : Law360 : Legal News & Analysis,Hiring Initiatives
"An article that reports on a company's record-breaking quarterly profits and optimistic future outlook, highlighting strong market performance and potential growth opportunities while showcasing the company's financial success and positive market sentiment, attracting investor confidence and fostering economic optimism.","Biometrics Stocks: Quarterlies, Annuals, SEC Actions",Positive Financial News
"An article that announces and highlights the acquisition of noteworthy contracts or clients by businesses, showcasing the importance and impact of these new business relationships.",What Hospices Can Learn from Home Health Agencies on New Program Integrity Rules,New Significant Contracts/Clients
"An article that announces the introduction of a recently developed product or service into the market, highlighting its features, benefits, and availability to consumers.",SEC Proposes Rules to Address Conflicts of Interest in the Use of AI by Investment Advisers and Broker-dealers,New Product/Service Launch
"An article reports on companies entering new geographic markets or targeting different customer segments, highlighting their strategies and potential opportunities or challenges.",White Collar : Law360 : Legal News & Analysis,New Market Expansion
"An article that focus on recently opened or upcoming places or physical spaces, gives brief descriptions and features of those new locations and may also discuss the significance or impact of these new facilities",SEC Proposes Rules to Address Conflicts of Interest in the Use of AI by Investment Advisers and Broker-dealers,New Locations/Facilities
"An article that examine and report on laws, regulations, legal challenges, enforcement actions, and potential implications that can affect businesses, industries, or individuals, including significant fines, operational obstacles, and substantial costs that may indicate potential business contraction.",White Collar : Law360 : Legal News & Analysis,Regulatory or Legal Issues
"An Article discussing challenges, disruptions, or issues within a company or industry's supply chain, including inventory shortages, logistics difficulties, and production delays.","LandPro® Relaunch Offers Cutting-edge Green Endorsements, Monoline Auto Coverage, and Snow and Ice Removal Coverage for Larger Residential and Commercial Landscapers",Supply Chain Problems
"An article that announces and discuss the cessation or termination of specific products or services by businesses, highlighting the reasons behind the discontinuation and the potential impact on customers and the company's overall operations.",SEC Proposes Rules to Address Conflicts of Interest in the Use of AI by Investment Advisers and Broker-dealers,Product/Service Discontinuation
"An article that announces about the shutdown or discontinuation of specific branches, offices, or stores, highlighting the affected areas, reasons for the closure, and potential implications for employees, customers, and the company.",SEC Proposes Rules to Address Conflicts of Interest in the Use of AI by Investment Advisers and Broker-dealers,Location/Facility Closures
"An article that announces about the legal process initiated by individuals or businesses unable to repay their debts which cover the filing of bankruptcy petitions, court proceedings, and the implications for stakeholders, discussing reasons behind the filing and potential impact on employees, customers, and the industry.",White Collar : Law360 : Legal News & Analysis,Bankruptcy Filing
"An article that reports and highlights the departure or termination of significant clients or contracts by businesses, emphasizing the impact and implications of these losses on the company's operations and financial performance.","Biometrics Stocks: Quarterlies, Annuals, SEC Actions",Loss of Key Clients or Contracts
"An article that reports and highlights financial information indicating a decline or decrease in a company's revenue, often presenting the reasons behind the negative revenue trend and discussing its potential impact on the company's financial performance and overall business outlook.","Biometrics Stocks: Quarterlies, Annuals, SEC Actions",Negative Revenue News
"An Article highlighting unfavorable information, controversies, or incidents that negatively impact the reputation and public perception of a company, organization, individual, or product such as scandals, controversies, legal issues, product recalls, customer complaints, or any other negative developments that can impact the reputation.",SEC Proposes Rules to Address Conflicts of Interest in the Use of AI by Investment Advisers and Broker-dealers,Negative Publicity
"An article that highlights and discuss strategies implemented by businesses to reduce expenses and optimize financial resources, including measures such as workforce reductions, operational efficiency improvements, budget reductions, and strategic expense management.",White Collar : Law360 : Legal News & Analysis,Cost-Cutting Measures
"An article that covers the transfer or acquisition of specific assets between entities, providing brief details about the transaction, parties involved, and potential impact or benefits.",SEC Proposes Rules to Address Conflicts of Interest in the Use of AI by Investment Advisers and Broker-dealers,Asset Purchase/Sale
"An article that provides an overview of macroeconomic analysis critically examines broad economic trends and indicators such as GDP growth, inflation, unemployment, consumer spending, and fiscal and monetary policy impacts. It offers comprehensive insights into the nation's financial health, sectoral performance, and potential economic issues and opportunities.",What Hospices Can Learn from Home Health Agencies on New Program Integrity Rules,Economic Update
"An article that covers a legal action related to healthcare disputes, such as medical malpractice claims or pharmaceutical liability cases.",White Collar : Law360 : Legal News & Analysis,Healthcare Litigation
An article that covers the impact of emerging technologies on job automation and the changing skills required in the future of work.,SEC Proposes Rules to Address Conflicts of Interest in the Use of AI by Investment Advisers and Broker-dealers,Future of Work
"An article that covers a legal action related to environmental or climate matters such as Industrial Accidents, Oil spills, or the effects of climate change.",SEC Proposes Rules to Address Conflicts of Interest in the Use of AI by Investment Advisers and Broker-dealers,Environmental Litigation
"An article that covers legal disputes between employers and employees, and which may be related to wrongful termination, workplace discrimination, harassment, retaliation, wage and hour disputes, or breach of employment contracts.",White Collar : Law360 : Legal News & Analysis,Employment Litigation
"An article that covers strategies and initiatives for promoting Diversity, Equity, and Inclusion (DEI) in the workplace, emphasizing its importance in fostering a more inclusive and equitable environment.",Construction : Law360 : Legal News & Analysis,"Diversity, Equity and Inclusion (DEI)"
"An article that covers the process of leveraging digital technologies to fundamentally transform business operations and deliver value to customers, employees, and stakeholders.",White Collar : Law360 : Legal News & Analysis,Digital Transformation
An article that covers a company's announcement of a change in its leadership or management structure.,"Biometrics Stocks: Quarterlies, Annuals, SEC Actions",Executive Change
"An article that discusses the growing trend of investing in companies that prioritize Environmental, Social, and Governance (ESG) factors, including a company's corporate social responsibility initiatives and programs, which may include charitable donations, volunteer work, sustainability efforts, and other actions aimed at making a positive impact on society and the environment",Construction : Law360 : Legal News & Analysis,ESG
"An article that provides expert analysis on a company, industry, or specific market segment based on relevant data and insights or an article that reports on the findings of a research study or project, including changes in consumer demand, market competition, and economic conditions.","Biometrics Stocks: Quarterlies, Annuals, SEC Actions",Analyst Opinion
An article that covers the announcement of a company's plans to go public by selling shares of its stock to the public for the first time.,"Biometrics Stocks: Quarterlies, Annuals, SEC Actions",IPO
An article that covers a legal dispute between two parties where one party has failed to fulfill their obligations as outlined in a previously agreed-upon contract.,Construction : Law360 : Legal News & Analysis,Breach of Contract
"An article that covers the impact of land dispossession and cultural appropriation on Aboriginal/Indigenous communities, highlighting the need for land rights and cultural preservation.",Construction : Law360 : Legal News & Analysis,Aboriginal/Indigenous issues
An article that covers legal action taken against a company or organization for a violation of privacy or a data breach. This may include lawsuits filed by individuals or groups seeking damages for the mishandling of personal information or sensitive data.,SEC Proposes Rules to Address Conflicts of Interest in the Use of AI by Investment Advisers and Broker-dealers,Privacy/Data Breach Litigation
"An article that reports on a legal dispute between companies over intellectual property rights, such as patents or trademarks.",White Collar : Law360 : Legal News & Analysis,Patent or Trademark Litigation
An article that covers an investigation into possible anti-competitive behavior by companies in a specific industry or market.,White Collar : Law360 : Legal News & Analysis,Cartel/Dominance Investigation
"An article that covers a new law or bill, or regulation that has been introduced or passed by a governing body, such as a government or a legislative body.",SEC Proposes Rules to Address Conflicts of Interest in the Use of AI by Investment Advisers and Broker-dealers,Legislation
"An article that covers a company's efforts to raise capital from investors through equity offerings or by borrowing money from external sources such as banks, investors, or bonds or covers the act of an investor such as a venture capital or private equity firm allocating financial resources with the expectation of generating profitable returns in the future.",SEC Proposes Rules to Address Conflicts of Interest in the Use of AI by Investment Advisers and Broker-dealers,Financing (Debt or Equity)
"An article that provides information on new regulations, standards, or policies imposed by government bodies or industry associations, and their impact on businesses or individuals.",SEC Proposes Rules to Address Conflicts of Interest in the Use of AI by Investment Advisers and Broker-dealers,Regulatory/Policy Change
"An article that reports on illegal activities committed by individuals or organizations in the context of business or finance, including but not limited to financial fraud or fraudulent investment schemes, corruption, money laundering, bribery or other types of misconduct, often resulting in legal or regulatory action.",White Collar : Law360 : Legal News & Analysis,White Collar/Business Crimes
"An article that covers an upcoming or recent gathering of individuals with a shared interest or industry focus, often including presentations, panels, and networking opportunities.",SEC Proposes Rules to Address Conflicts of Interest in the Use of AI by Investment Advisers and Broker-dealers,Conference/Event
"An article that covers a deal in which a private equity firm invests in a company by buying a significant stake in it, often with the aim of helping the company grow and become more profitable.",Construction : Law360 : Legal News & Analysis,Private Equity Transaction
"An article that analyzes or discusses a company's decision to merge with or acquire another company, or to be acquired by another company or an official statement or press release issued by a company to announce that it will be separating a particular division or business unit into an independent company.","Biometrics Stocks: Quarterlies, Annuals, SEC Actions",M&A
"An article that covers lawsuits against product providers due to harm caused by defects or misinformation. This involves disputes around manufacturing errors, design flaws, or inadequate labels.",SEC Proposes Rules to Address Conflicts of Interest in the Use of AI by Investment Advisers and Broker-dealers,Product Liability Litigation
An article that covers cyber security incidents or threats against a company or government entities.,UK Think Tank Proposes Greater Ransomware Reporting From Cyberinsurance to Government,Cybersecurity Breach
"An article that covers a legal action filed against a company for actions that could harm many people,  such as a defective product, unfair business practices, or environmental contamination.",White Collar : Law360 : Legal News & Analysis,Class Action
"An article that evaluates financial data and information to gain insights into the financial health and performance of industries, Sectors, Companies, businesses, projects, budgets, and other finance-related transactions.",Construction : Law360 : Legal News & Analysis,Financial Analysis
"An article that reports on legal action involving securities or investments, typically including allegations of fraud, misrepresentation, or other violations of securities laws.",White Collar : Law360 : Legal News & Analysis,Securities Litigation
An article that reports on a company's announcement regarding a new research and development project or innovation.,"Biometrics Stocks: Quarterlies, Annuals, SEC Actions",R&D/Innovation Announcement
An article that reports on an official statement or press release issued by a company to announce the approval and registration of a patent or trademark.,"Biometrics Stocks: Quarterlies, Annuals, SEC Actions",Patent or Trademark Announcement
An article that covers the details of an agreement or contract between two or more parties related to the licensing and use of intellectual property (IP).,SEC Proposes Rules to Address Conflicts of Interest in the Use of AI by Investment Advisers and Broker-dealers,IP Licensing & Agreements
"An article that reports on the action of a regulatory body as applied to a company's product or service whether a positive act such as an approval, or a negative act such as the imposition of a ban, recall, or fine.",SEC Proposes Rules to Address Conflicts of Interest in the Use of AI by Investment Advisers and Broker-dealers,Regulatory Event - Approval/Ban/Fine
